{"noiseKey":{"private":{"type":"Buffer","data":"QFZFMOS1TuR2rwtwY9CQXi4QgnYCz8mdOSe787GPK1A="},"public":{"type":"Buffer","data":"AZBoGJoX3OBU97W1dFO+Ny350P2fu0yFd0qUi0IXlDU="}},"pairingEphemeralKeyPair":{"private":{"type":"Buffer","data":"mGhmCHCKNyGzEvBi37Ex+mb125OEnJTVG/Zy0RMiunw="},"public":{"type":"Buffer","data":"aUs75ba5ZnpOEHd8oHQGfDjoSPI1U8NO8xuv5HjeDhI="}},"signedIdentityKey":{"private":{"type":"Buffer","data":"QF1w+F+ogZtHU8LfFPUxOlMQwKAAJQmBlRaYwMoifmo="},"public":{"type":"Buffer","data":"xGjVH29NVXPA9UgnkFqgeAaRRmT977g4iMgYqqHHr1c="}},"signedPreKey":{"keyPair":{"private":{"type":"Buffer","data":"gELXRPuEKfdai4U/Zl06OzN3pHHAs3PsN6GgQqIqQUg="},"public":{"type":"Buffer","data":"vkeMrjOzv+aSjnhu+w5sUG9KlLHqmBpkznY1SBJUsVw="}},"signature":{"type":"Buffer","data":"/sIcq8LnP41oTfvJQI+Z6QtOZrdtiGPZ9b/8Bo78/6tJk0r8SMu48yliymI8WZUkMRJ63zI3NGQxbz7kamVNBQ=="},"keyId":1},"registrationId":44,"advSecretKey":"sgGvghdxXYirDqRX/YCnTUTqCUbsQpaqz4RoGa4CP9E=","processedHistoryMessages":[{"key":{"remoteJid":"573229536312@s.whatsapp.net","fromMe":true,"id":"9CF302B934CBC011DBBCDE36551C7289"},"messageTimestamp":1751263045},{"key":{"remoteJid":"573229536312@s.whatsapp.net","fromMe":true,"id":"1EA1FD1AEE88729A5E8D5C63FC67D0A8"},"messageTimestamp":1751263046},{"key":{"remoteJid":"573229536312@s.whatsapp.net","fromMe":true,"id":"55A953DB295DB96127B84E9E2BD6988C"},"messageTimestamp":1751263052}],"nextPreKeyId":31,"firstUnuploadedPreKeyId":31,"accountSyncCounter":1,"accountSettings":{"unarchiveChats":false},"registered":true,"pairingCode":"K657G2B8","me":{"id":"573229536312:6@s.whatsapp.net","name":"VENOMBOT","lid":"99686744604758:6@lid"},"account":{"details":"CJnfq7wGEMHOiMMGGAMgACgA","accountSignatureKey":"6xWhUwJgLrJYMlgzMmxb23OqXeYoJEPIbWP0VEHp8Bs=","accountSignature":"p7ziUAtmy4VezrBYILbxBMTVYVhtBkBiI3+dIgb6slEcPiIoG34sCIeGXMU+GJNBzYShH6mirD4WbcjibSaeDQ==","deviceSignature":"5KYchWlRH6G9tZpMDQVkU2g5CHQieMv9VektHDCiHK4gqnsitkH5dHX3ku+/rDIm76/aarJQcYZRbRAnwc/LBg=="},"signalIdentities":[{"identifier":{"name":"573229536312:6@s.whatsapp.net","deviceId":0},"identifierKey":{"type":"Buffer","data":"BesVoVMCYC6yWDJYMzJsW9tzql3mKCRDyG1j9FRB6fAb"}}],"platform":"smba","routingInfo":{"type":"Buffer","data":"CAgIDQ=="},"lastAccountSyncTimestamp":1751263044,"lastPropHash":"PWk5B","myAppStateKeyId":"AAAAAISk"}